Time (s),X-Axis (m/s2),Y- Axis (m/s2),Z-Axis (m/s2)
0.0,-0.15146742670490554,-0.10047398310171057,-0.011546267917220021,
0.005004847,-0.1211739413639244,-0.2872382207812189,0.02907017560763059,
0.010009693,-0.10460059107942077,-0.32172792189131727,0.06156333042751072,
0.015014539,-0.12964914847693992,-0.3186739010239486,0.10288073025997768,
0.020019462,-0.1267036565882536,-0.14767888467509305,0.4653772465614967,
0.02499377,-0.13967016289572493,-0.018544315544754317,0.7170665067218529,
0.029998616,-0.20367346962245764,0.06944044888179299,0.987371619684124,
0.035003539,-0.20890745131136945,0.12450537252553937,1.0350633113722996,
0.040008385,-0.26672475026418346,0.183880187417099,0.9046650289806522,
0.045013231,-0.21337980021134678,0.17008848774038088,0.7543777751376464,
0.050018077,-0.28562551728165675,0.19736234178227052,0.4885806502858987,
0.054992462,-0.28979198925714916,0.20385854903921974,0.34489589229903217,
0.059997308,-0.27014080518898353,0.13244108727825077,0.1686565820032886,
0.065002154,-0.24675841994616973,0.12893718378744434,0.05831088571981802,
0.070007001,-0.17442242199209204,0.1644412986199213,0.031325832599293335,
0.075011924,-0.1471993755819549,0.2388132660993062,0.002076352114590563,
0.08001677,-0.08711372467058101,0.30597232575481115,0.009322519679953345,
0.084991078,-0.03904518009962399,0.29840797420553344,-0.04617205017400572,
0.089996001,0.022393969521985385,0.2463878173527081,-0.07524483008061011,
0.095000847,-0.01273060017739458,0.3196933570620981,-0.1751174338887065,
0.100005693,0.028122733641348513,0.2787390949819539,-0.3316306597574492,
0.105010539,-0.008147588881904116,0.2459755899504068,-0.6100692372786156,
0.110015385,0.0011433668827579568,0.29637926117541347,-0.7102370914830498,
0.115020308,-0.07569975790217986,0.22944197095204943,-0.9052937076102676,
0.119994616,-0.05289836833346262,0.16823070078507696,-1.0460153615960266,
0.124999539,-0.07296447046175303,0.16523031258118648,-1.013025363007289,
0.130004385,-0.11966312795936823,0.16283000201807418,-1.0555870689702846,
0.135009232,-0.08040762639093207,0.24518566680610965,-1.0666513568363847,
0.140014078,-0.07964897708930818,0.24977869473028802,-1.0678413491409824,
0.145018924,-0.0867035194781482,0.22280726974907417,-1.199038551724895,
0.149993308,-0.10000859137750145,0.20889156775238438,-1.250365484934603,
0.154998155,-0.110652672738842,0.12114462627222,-1.3527189168783469,
0.160003001,-0.027230562759249843,0.12756145297090105,-1.365648720538811,
0.165007847,-0.014123012219118602,0.04841909645875209,-1.3147006780912047,
0.17001277,0.05765460364481012,0.08470390509668935,-1.1973282457200343,
0.175017616,0.05378512090412935,0.10607040938618928,-1.0114926624939962,
0.179991924,0.01238232092832059,0.03888760421183224,-1.0160529556787914,
0.184996847,0.04055163253763938,0.0924016826431473,-0.8817956879072915,
0.190001693,-0.05949604519669516,0.11222853605592409,-0.7743894922203642,
0.195006539,-0.032273936338935716,0.10510570482130177,-0.7880632295184791,
0.200011386,-0.05646492486613147,0.09174600184532267,-0.7223878394741581,
0.205016232,-0.08347917751802725,0.07339680147625804,-0.6008945855441699,
0.210021155,-0.05912190402614059,0.051056003192725186,-0.5726533057644367,
0.214995462,-0.10858907481087832,0.002537612612774076,-0.5040912725412374,
0.220000309,-0.10219413582526515,0.04033728003162551,-0.41093445602127066,
0.225005232,-0.11240110829705297,0.03226982402530032,-0.24447174694592277,
0.230010078,-0.07459801066107996,0.002831545255396639,-0.15727020761533161,
0.235014924,-0.08266272249370776,-0.05136482971365153,-0.1717847940219528,
0.24001977,-0.10443741562008835,-0.05641483511491541,-0.11444352125271795,
0.244994155,-0.12185717012119279,-0.08343905803333862,-0.06857050303733025,
0.249999001,-0.06683993646011344,-0.06675124642667085,0.029419796910955753,
0.255003847,-0.1071020627697753,-0.17598410032126832,0.08482734143501425,
0.260008693,-0.06269733625097651,-0.23272463148382116,0.11383050107769943,
0.265013616,-0.11144942059074703,-0.293439932390426,0.12937159080356597,
0.270018463,-0.043190860859194324,-0.21942906993577815,0.25672603240847813,
0.27499277,-0.05753700265219919,-0.22151197924574162,0.4199014710683837,
0.279997693,-0.07667540175860021,-0.23083964931456213,0.5887490119377148,
0.28500254,-0.08432468305543972,-0.2689476326901752,0.7314881011517347,
0.290007386,-0.029152508819229705,-0.27644965774210584,0.7460810601450207,
0.295012232,-0.07695212065706825,-0.29777420144392885,0.9033227491169935,
0.300017078,-0.08454601049049837,-0.3454795883585122,0.7992725791764066,
0.304991463,-0.10594404601752072,-0.41428969752701983,0.6700638152942497,
0.309996309,-0.06177092284917285,-0.4233691092484225,0.6816183740127437,
0.315001155,-0.01877093864249746,-0.4382940766138259,0.7598149628820696,
0.320006078,0.03095192469940533,-0.3889424750743249,1.0215703846122963,
0.325010924,-0.013545697865597783,-0.4643828918169291,1.1926667691156183,
0.33001577,0.058116478969484686,-0.5094123313530565,1.2835760117280408,
0.335020617,0.07713893512871284,-0.46882142859334003,1.3792869568433712,
0.339995001,0.11534126170465475,-0.43634870638556683,1.4558564758750876,
0.344999847,0.06928869539888005,-0.3644018649268739,1.547757080114133,
0.350004694,0.09373819394422611,-0.3221672677364821,1.6366012024213852,
0.35500954,0.1362821067453468,-0.35733260340427353,1.5391241015855464,
0.360014463,0.14733292302139944,-0.362480557973663,1.5071110488465624,
0.365019309,0.10254341475684114,-0.5581350143873534,1.243996029018657,
0.369993617,0.1356648454071574,-0.5614297243852489,1.1484263459200026,
0.37499854,0.10087043833744469,-0.5564040067115683,1.2711672241969403,
0.380003386,0.042389113044833726,-0.37617016810729176,1.3540370508419262,
0.385008232,0.08754145172126737,-0.23198309722387056,1.5199323689450246,
0.390013078,0.0776945993652951,-0.10897205021256817,1.5377262906638318,
0.395017924,0.08513999345707979,-0.06419332620521079,1.475347811095519,
0.399992309,-0.02382535646114281,-0.127969088530697,1.3564913226068835,
0.404997155,0.04223131410476744,-0.21729693601620803,1.1311616860151936,
0.410002001,0.09507660287377973,-0.3423893752900171,0.9125907868004361,
0.415006924,0.09904562010572548,-0.3428645374939765,0.7913641333465975,
0.420011771,0.07923649608458039,-0.23598434468634322,0.8322886943725898,
0.425016617,0.10935784863920972,-0.11983453385454323,1.1408408737109639,
0.430021463,0.14877785434319152,-0.03457602780995295,1.3340517883242384,
0.434995848,0.0730536078611499,0.04895365300228183,1.3353917602492338,
0.440000694,0.12739589970902493,0.14642314960519465,1.0989591601525106,
0.445005617,0.10957815775550123,0.13246139566071813,0.6416627504852901,
0.450010386,0.12596976382952302,0.09830767854029321,0.1838883668921376,
0.455015309,0.085452911245198,0.06332326685567202,-0.05974813216988473,
0.460020155,0.1449767863650091,-0.04127873774226898,-0.1090900096421592,
0.464994463,0.10831998514326158,0.012945637735872317,-0.11791775966685236,
0.469999386,0.21690055908514455,0.07930954745066066,-0.20159433956941974,
0.475004232,0.2271505668302647,0.10175487558565055,-0.3221664323488955,
0.480009078,0.16639755960625582,0.1733412516953271,-0.42628478162130357,
0.485013925,0.27102405664382123,0.1616573153211054,-0.5785324029337602,
0.490018771,0.2474650449518978,0.16763308988200643,-0.723314813948571,
0.494993155,0.22861781175650114,0.11878359592904264,-0.9693859515006533,
0.499998002,0.152248473610218,0.13333406668464043,-1.1662420986028668,
0.505002848,0.15244455468315732,0.18328172859795655,-1.2624362753178389,
0.510007771,0.12961708173480713,0.24622417209345315,-1.4389895475980214,
0.515012617,0.10369366538784569,0.20464077566304373,-1.5495871764084956,
0.520017463,0.052309156515293664,0.18669695833713662,-1.6150802025525763,
0.524991848,0.057170225030655386,0.22597201807809553,-1.6981211383604204,
0.529996694,0.0074289423994022274,0.23440775190601892,-1.7798760000438065,
0.53500154,0.0672347293513455,0.2947864287281843,-1.8529420903182476,
0.540006386,0.05378778348107638,0.3507508245654752,-1.8347798197155356,
0.545011232,0.05069166477314235,0.3265693307954351,-1.8585579561142254,
0.550016156,0.04821476980679512,0.38383859165813766,-1.8086267603991928,
0.555021002,0.06921759164041902,0.4373154502575099,-1.837635508661151,
0.559995309,0.001743959710650611,0.41114391179597376,-1.8225349358595846,
0.565000233,-0.006266270219760728,0.48980547024183274,-1.733839716265793,
0.570005079,-0.027997353982510242,0.48378172742027287,-1.7165139879784537,
0.575009925,0.008247892608974683,0.5785615223781129,-1.5800703975360832,
0.580014771,-0.02404746170780314,0.5930937590707033,-1.5245452096304293,
0.585019694,-0.04222230717294417,0.5664123584833693,-1.4188339368693823,
0.589994002,-0.018454945919934906,0.5910359613106213,-1.4185407365316385,
0.594998848,-0.01476395673594788,0.5800889962518663,-1.3876600428385917,
0.600003694,-0.004149727400477032,0.594315738169706,-1.3093258034359128,
0.605008617,-0.010981219908662854,0.6286815410362532,-1.1700436505612304,
0.610013463,-0.02410787574535067,0.579559612711815,-1.035633614296641,
0.61501831,0.0036980372104211123,0.5709080127402528,-0.9510902807195389,
0.619992694,-0.05067168383334769,0.47204928616876485,-0.8681323564115688,
0.62499754,-0.03287590907839694,0.4312694948529805,-0.824750330930037,
0.630002387,0.027329386338967032,0.42929160448834147,-0.8053679679911001,
0.635007233,-0.04708949242800242,0.43537053945004844,-0.7975231341585047,
0.640012079,-0.022348706044910516,0.34829643156003876,-0.7529400771510222,
0.645017002,-0.03320185273341986,0.31694433518943743,-0.7325966982564625,
0.64999131,0.011745743517457219,0.3071857248043819,-0.6167231105582953,
0.654996156,0.017058032802247047,0.2917172077731931,-0.5699930590643119,
0.660001079,0.005984988253516399,0.18740513828886707,-0.45599444725144966,
0.665005925,0.027772328409514768,0.1116167299548243,-0.3954413097542848,
0.670010771,-0.04673515069249318,0.11227769792870346,-0.26272298188545884,
0.675015617,0.008580555059408801,0.08982215834296303,-0.20251694752008564,
0.680020541,-0.04676566955415751,0.07951935539751487,-0.03943035946870532,
0.684994848,-0.014428197836624357,-0.012999086299664064,-0.08517435349293301,
0.689999694,-0.042188345985211345,-0.033383583004575,-0.0068479788880964065,
0.695004541,-0.018427788890677615,-0.10332124628647232,0.18605775733141705,
0.700009464,5.806687058783067E-4,-0.12096437770544766,0.20247627178310257,
0.70501431,-0.07614992836461254,-0.11975581612920205,0.3305330346383961,
0.710019156,-0.05325849278247982,-0.08814321491508048,0.4176551874763419,
0.714993541,-0.027283906328492424,-0.1854361417562833,0.5103372237115424,
0.719998387,-0.006504237165302462,-0.17899466535815156,0.5998061101459919,
0.725003233,-0.03584916552722489,-0.25045605485732203,0.6024278959292939,
0.730008079,0.0019664433732030084,-0.35359369901891435,0.5815413920608181,
0.735013002,-0.0367340710056307,-0.5127183849658641,0.5954775594494359,
0.740017848,-0.044710144701996024,-0.5174349351760605,0.6909023112314241,
0.744992156,0.033184897658508156,-0.605484088582743,0.6753052382673665,
0.749997002,0.03420935611508777,-0.668261925636092,0.793071644227175,
0.755001925,0.06567472251719231,-0.7414686046110464,0.9715609683358419,
0.760006771,0.09084699179701802,-0.8306796759022772,1.0224151717633996,
0.765011695,0.05735471746105192,-0.9326943325721025,1.0860828484702898,
0.770016464,0.061206649945404035,-0.9683373822945596,1.1523394843426384,
0.775021387,0.08727255758144531,-0.9508831464591219,1.3355896203110245,
0.779995695,-0.022119305161650393,-0.8066751927807008,1.4592057965906164,
0.785000541,-0.0023725443108998934,-0.7449389434396485,1.6270509165693685,
0.790005387,-0.06318961088054365,-0.6955499439668068,1.7996349654332295,
0.79501031,-0.15015047195905834,-0.6407158684119708,1.9377022045243173,
0.800015156,-0.10479748966975522,-0.5968485602843863,2.0864624227991406,
0.805020002,-0.06851509787784826,-0.5387704475011907,2.19014848438189,
0.809994387,-0.047150634353532866,-0.4999693952629155,2.250112256743794,
0.814999233,-0.014736175636589105,-0.43062126816345747,2.152516715795425,
0.820004079,-0.11138772674412692,-0.4211114897810101,1.928872198319933,
0.825008925,-0.05846439963985414,-0.4211651050633334,1.818910289173525,
0.830013849,-0.046771519711883314,-0.4212079019217605,1.6160184290927262,
0.835018695,-0.02975576884052869,-0.3369663215374086,1.4996735689577747,
0.839993002,-0.07743473463457201,-0.3921562557772902,1.5981343934962986,
0.844997849,-0.11557790726980666,-0.4439695457900452,1.6615794142111007,
0.850002772,-0.1077852137133368,-0.630987690312456,1.5744295469938798,
0.855007618,-0.06324383614420001,-0.5967274081093399,1.4510803502415879,
0.860012464,-0.06591795979308371,-0.561657935093429,1.2987701639823328,
0.86501731,-0.05273436783446697,-0.3267431495273798,1.3071664607757114,
0.869991695,-0.11880194567595981,-0.13115007382112265,1.4211436300463518,
0.874996541,-0.026088549081127343,0.048308986811021803,1.6349098991542697,
0.880001387,-0.05917807092955947,0.08461581737850477,1.6450311908077921,
0.88500631,-0.13927979604952528,0.1213228151882042,1.499899464364983,
0.890011156,-0.11908527482790149,0.12770400410368854,1.1233051916091732,
0.895016003,-0.13357545748744326,0.15579326920091963,0.6841238896154636,
0.900020849,-0.1451676036150767,0.10165030139589204,0.45536185583299726,
0.904995233,-0.1391183968569051,-0.010617110110093142,0.24936791484217835,
0.91000008,-0.18790919273576823,0.05279791118560717,0.09989563802608714,
0.915004926,-0.19629602980201794,0.08054551888989203,0.04160932047946275,
0.920009772,-0.1723596998181769,0.12572801438559522,-0.09695851529611588,
0.925014695,-0.08425764625285692,0.26913423798552705,-0.36104001780329753,
0.930019541,-0.09039043096712929,0.29958320825951534,-0.5416594678559186,
0.934993849,-0.13360394404738507,0.3009581658812941,-0.7014779038745793,
0.939998695,-0.13752890719103306,0.10286055354854118,-0.9365935474648985,
0.945003618,-0.07937737379970145,0.020996843565151302,-1.0404094815266056,
0.950008464,-0.0481789753794829,0.032120350828683586,-1.1541079807290977,
0.95501331,-0.05386610396386471,0.025696280662946824,-1.2603904190071074,
0.960018157,-0.020108521522532175,-0.033073041387611246,-1.4756600524908414,
0.964992541,-7.63941241463284E-4,-0.08775003238377077,-1.5712621423344704,
0.969997387,0.06834186042693435,0.014075887331508774,-1.5787901093753884,
0.975002234,0.10830360194323208,0.17215109835397646,-1.4315844861819507,
0.980007157,0.132611557167989,0.2679654198513941,-1.2831734727346227,
0.985012003,0.07544346993940831,0.26034096381080274,-1.271704793812697,
0.990016849,0.05269333796324538,0.3615017215491305,-1.300837040616564,
0.994991157,-0.003814005242807006,0.40412304243095476,-1.4237422948467664,
0.99999608,-0.0030512041942455936,0.3386213099213262,-1.6906181339731159,
1.005000926,-0.10203975257048437,0.3628343991638676,-1.7891964725105236,
1.010005772,-0.05098605010326246,0.35155911860477573,-1.891044220244746,
1.015010618,0.012841297360932535,0.38850752208718975,-1.888245837621577,
1.020015541,-0.051018537543077724,0.487019246372297,-1.7634248866499949,
1.025020387,-0.04081483003446218,0.5045370831511137,-1.5716301070739025,
1.029994695,-0.0326518640275697,0.5491971343296145,-1.4411785973778724,
1.034999618,0.03517008420976797,0.5389564847578505,-1.3061716376679229,
1.040004464,0.028136067367814377,0.6303627900783142,-1.3054265832056267,
1.045009311,0.037831753712671945,0.5885660976174609,-1.3354762915889147,
1.050014157,0.007281065163435907,0.6010974669458975,-1.3135470488961314,
1.055019003,-0.03248236165251539,0.6264454383852092,-1.2730197222467883,
1.059993388,0.05829000007465518,0.623739453888099,-1.2559207369038763,
1.064998234,0.03130910024130373,0.5449602864075984,-1.257564043136382,
1.07000308,0.13230750739641212,0.5662127702942916,-1.1133113663450436,
1.075008003,0.029231554508743485,0.5372461294739588,-1.0515396722996684,
1.080012849,0.0616924812321169,0.5830258540796553,-1.0097833735819215,
1.085017772,0.05701542297397477,0.5736809104670935,-0.9380715261360448,
1.08999208,0.0992424519808644,0.4819290423385185,-1.0186075504986798,
1.094996926,0.1023782993913932,0.4851420230859027,-0.9144851157163272,
1.100001772,0.09722553933153494,0.472389436339816,-0.8848168523386866,
1.105006618,0.1084262072602109,0.3855729870601341,-0.7384992338240739,
1.110011465,0.14037108537031778,0.3620886463009394,-0.6291065770006652,
1.115016388,0.15826554092942532,0.3816081729001266,-0.4496551956825634,
1.120021234,0.11128954186581658,0.3742394802146325,-0.3903699084991761,
1.124995542,0.09669307744139899,0.33003752685969445,-0.38891030668215354,
1.130000465,0.12332313607640638,0.27935289746431824,-0.32645112132228515,
1.135005311,0.1293042906165725,0.21582087998317334,-0.37608284835177397,
1.140010157,0.20304222319846202,0.15733382800997608,-0.31618915465798114,
1.145015003,0.16243377855876961,0.10288255770827393,-0.24528988573810384,
1.150019849,0.20656147425540194,0.0056916662838064624,-0.11195570924966258,
1.154994234,0.18823351721102322,0.03519908498016999,0.10197138230730118,
1.15999908,0.15824825175709983,-0.040793673910395345,0.050931353892715414,
1.165003926,0.2032130528140661,-0.10158788102284744,0.16332809092667233,
1.170008849,0.15490900426297163,-0.12723912348282873,0.1306624727413377,
1.175013696,0.10094286560367566,-0.11711417476282548,0.20412905351045296,
1.180018542,0.08075429248294053,-0.10135277779854146,0.255240498667737,
1.184992926,0.01863475837294909,-0.11938941218023924,0.441696976570908,
1.189997772,0.045553606335200114,-0.24874048024467976,0.4452952185858283,
1.195002619,0.09007299866984464,-0.22963813614886885,0.5247878106108503,
1.200007465,0.06439693710573657,-0.3062936120990267,0.5194289423363365,
1.205012311,-0.009774001905376584,-0.3906024021914285,0.568772295104421,
1.210017234,-0.046126439149423326,-0.39675773962423655,0.623569471825725,
1.214991542,0.03205186210056632,-0.4553122662233151,0.7746677265084321,
1.219996388,0.010318613703890533,-0.4561871642054587,0.818931568902058,
1.225001311,0.015916328951393666,-0.5411629481459832,0.9079730902046546,
1.230006157,-0.0025898366573055,-0.5708363853569964,0.8719457939410677,
1.235011003,0.051558244275840215,-0.5945751351258071,0.9274001562710179,
1.24001585,0.06423093322737383,-0.5905817732922961,1.0943466539474782,
1.245020696,0.059046208412038226,-0.5414184320539419,1.1589505287243886,
1.24999508,0.04723696672963057,-0.5403949847674516,1.317894523321308,
1.254999926,0.045451011371985706,-0.5395762239580272,1.3990803281297026,
1.26043145,0.05934514690429027,-0.5465826592592333,1.3644310410682152,
1.265436373,0.03215321770501178,-0.651786593735054,1.2754193445733222,
1.270441219,0.07935268776569399,-0.5980437263964294,1.1812256734125643,
1.275446065,-0.05143951497909521,-0.6699711215590382,1.1211936124605195,
1.28042045,-0.0028443982000120327,-0.6202528104857559,1.2110746104273993,
1.285425296,-0.055905632161694196,-0.5421709240020081,1.4285459676387937,
1.290430142,-0.11367751914946034,-0.4643824911547314,1.5718780643942374,
1.295434988,-0.06795767751286658,-0.44045903018574806,1.7401730447771087,
1.300439834,-0.0313818042035916,-0.42898169939884256,1.7752110981752018,
1.305444757,-0.10938133275954076,-0.4044768634253241,1.71130352209485,
1.310419065,-0.0875050662076326,-0.4538261272759039,1.6142095962403342,
1.315423911,-0.16960284814165844,-0.5086283189654985,1.5518565685938306,
1.320428834,-0.1433437224620725,-0.47585569243436177,1.5172970224531888,
1.325433681,-0.21427376718474592,-0.43431461986545816,1.6198945942809093,
1.330438527,-0.1944033515544984,-0.36277466723636076,1.5027745011083198,
1.335443373,-0.20149135685700206,-0.21360525853884438,1.5086771204179072,
1.340448219,-0.2378075368939879,-0.15556133085451296,1.3754940950159664,
1.345422604,-0.2515375930260851,-0.12444906468361028,1.2459625977901183,
1.35042745,-0.2012300744208681,-0.19149660297369486,1.218951779892251,
1.355432296,-0.12267682191157242,-0.21448878628520585,1.074760117761457,
1.360437219,-0.1211257953359596,-0.08731511578963946,1.00537541598651,
1.365442065,-0.12754643590560852,-8.991507371802765E-4,0.9575290925548323,
1.370446911,-0.11736002470104934,0.045249402707374875,0.8886062818563669,
1.375421296,-0.15517959519266322,0.08216815009558753,0.8411294712858748,
1.380426142,-0.21608102738093726,0.1883177186238334,0.6039506351341686,
1.385430988,-0.1115732464729261,0.09702401361366642,0.3835618142596786,
1.390435835,-0.16587304858672713,0.06229633491437081,0.18426644359524147,
1.395440681,-0.1556828005179413,0.01152987799009031,-0.0747685467839645,
1.400445604,-0.2701136575591285,0.07817684428660354,-0.3203037290287334,
1.405419988,-0.20076805007074028,0.1391559506795268,-0.4171331809768919,
1.410424758,-0.2295674773185551,0.19560067378214696,-0.44862811460573226,
1.415429681,-0.2296226574682474,0.12583478707259244,-0.6423764601904445,
1.420434527,-0.12240652670091623,0.09300629630236101,-0.6671299279179799,
1.425439373,-0.17453969661097712,0.1127123223507267,-0.7941928339359468,
1.430444219,-0.12430888131221918,0.13613848581026877,-0.9111667976663362,
1.435418604,-0.06113986742465327,0.08592647468337145,-1.0047452057111936,
1.44042345,-0.08721913156484473,0.17600140695006639,-1.071946494158798,
1.445428296,-0.06977530525187581,0.13313968757177186,-1.209984105727429,
1.450433142,-0.03283588255294112,0.22143346293278365,-1.2821062421014737,
1.455438066,0.01203853158276924,0.17714677034622683,-1.3244818381635994,
1.460442912,-0.03633785034718795,0.3179306330585978,-1.4426573699449428,
1.465447758,-0.013747404301187816,0.2773288680954378,-1.4682448534754862,
1.470422142,-0.026320799417512752,0.3444461976562819,-1.4733927272628105,
1.475426989,0.07088071169279653,0.3598328713635509,-1.492833139329779,
1.480431835,0.04904313136595606,0.36448074849922696,-1.5390319838759332,
1.485436681,0.046895943081046165,0.4141677258211711,-1.5683288585851223,
1.490441527,0.16009985764476853,0.41561007601406885,-1.5151519784696603,
1.49544645,0.14340276209237734,0.44740974090406666,-1.6181785590940887,
1.500420758,0.21432102273084763,0.4805109227252751,-1.608661804794803,
1.505425604,0.15613391836625767,0.4303774137936235,-1.624033478259669,
1.510430527,0.10958425871644373,0.49753083385167124,-1.6516533115383982,
1.515435373,0.10299028294971746,0.47463911848972323,-1.489874284972906,
1.520440296,0.10537656416647556,0.49463295998342904,-1.4600501390378948,
1.525445066,0.07663981334489922,0.47998228122526865,-1.4132061268553162,
1.53041945,0.10728052628932272,0.5295532898087061,-1.4216999265086674,
1.535424296,0.06284008322475648,0.5232414210620528,-1.374864900313379,
1.540429143,0.05027206657980515,0.5335148020412928,-1.3220736219108602,
1.545433989,0.07086342905882703,0.5034263168832784,-1.3104867326116958,
1.550438912,0.07201364306548202,0.5023398427217107,-1.2246024598198257,
1.555443758,0.08825669024736854,0.5321164153455815,-1.1942026129974623,
1.560418066,0.12423546579957939,0.47166185557358453,-1.0702836602221888,
1.565422989,0.07640403483296182,0.4999125876387993,-1.0707475733193528,
1.570427835,0.13007624128647444,0.3846071941344771,-0.9485353145148574,
1.575432758,0.14236821873337263,0.3766387925695447,-0.873749821436105,
1.580437527,0.12155602489590833,0.43921710857956153,-0.7832756750199774,
1.58544245,0.06659904412174378,0.45863381869958664,-0.6419434159925448,
1.590447297,0.1069093488990796,0.5124745674718763,-0.5825080561582938,
1.595421604,0.11617326087471108,0.34868795933638763,-0.4736678829149161,
1.60042645,0.15423017072054754,0.3862106900399107,-0.3559499923670897,
1.605431374,0.15402991833188542,0.2859842380670852,-0.3307286218233596,
1.61043622,0.12322393466550835,0.14451138184771128,-0.29522864941181304,
1.615441066,0.1368863749267159,0.13093217218959463,-0.24384435751773204,
1.620445912,0.1248319878388642,0.07409979506368725,-0.1644297340610601,
1.625420297,0.13051137798700324,0.028634084097824974,-0.054929407366035576,
1.630425143,0.18868500370719904,-7.704668658359282E-5,0.04033267344799185,
1.635429989,0.15094800296575922,0.022922676615576787,0.15484914657089366,
1.640434835,0.17438851597429195,-0.03529192462550723,0.2541237630574962,
1.645439758,0.05523491146183712,-0.0895250436066557,0.23394476239912176,
1.650444604,0.11314093066864572,-0.11758885354987525,0.23312481931871165,
1.655418912,0.13648142014831993,-0.10939395881646252,0.1941612934432504,
1.660423835,0.047893584528690136,-0.15646810894770136,0.30089635653194424,
1.665428681,0.03065340579281295,-0.20178896240840505,0.3862844070028988,
1.670433528,0.02452272463425037,-0.16909260791500547,0.5235481707439202,
1.675438374,-0.011027596087582608,-0.2808415034767797,0.5490829823959178,
1.680443297,-0.039467852665048986,-0.40854790523503715,0.5695112131872424,
1.685448143,-0.016251394234547745,-0.4494214273679613,0.562869102385732,
1.690422451,0.01764467232827366,-0.4438130551328945,0.6877998595453043,
1.695427297,0.02943861383918145,-0.4546492333214036,0.7341147808247195,
1.70043222,-0.037740660518620656,-0.4403338619073669,0.8784268496841898,
1.705437066,0.038760485005208456,-0.4135586411158594,0.9479074953723519,
1.710441912,3.6260028825491064E-4,-0.4993987393697381,1.0111538313808897,
1.715446758,0.07690454355991913,-0.5374250183360005,1.0847352141525635,
1.720421143,0.09216941064291823,-0.6291375930989762,1.1665842528650199,
1.725426066,0.0507511907076329,-0.7178305363364998,0.95625171625686,
1.730430912,0.009955176771123397,-0.7198318864471105,0.9182301327711127,
1.735435758,-0.03034309620822334,-0.7597402116113017,0.9107979428868118,
1.740440605,0.01403276065854342,-0.7073909585041293,1.0121115598758559,
1.745445451,-0.05006536690498897,-0.6348657563815505,1.2693762901370125,
1.750419759,0.013577820077693425,-0.7990275347622229,1.4598644354299228,
1.755424682,0.01086225606215474,-0.7771281023337041,1.5662870866740164,
1.760429528,-0.014294532956977857,-0.7902542129765824,1.6744087586946819,
1.765434374,-0.011435626365582263,-0.7701094449051917,1.7455839832741056,
1.770439297,-0.07044005268243164,-0.5854417086035968,1.7259090201153775,
1.775444143,-0.025706266350962403,-0.4606919288945963,1.8097685063755051,
1.780418451,-0.09717946448915618,-0.46815233233076503,1.8385481425027486,
1.785423297,-0.008790558171219987,-0.43581346513829367,1.807942548426027,
1.79042822,-0.1219541296100198,-0.43292668534916046,1.929024632002541,
1.795433066,-0.1358705323724412,-0.3999714141972972,1.910969491978987,
1.800437912,-0.1316807622145385,-0.3889301686198008,1.7739416092081886,
1.805442759,-0.14365183696594006,-0.32646701087240304,1.6260121130501446,
1.810447605,-0.16855158615466886,-0.2611736086979224,1.5153307170514445,
1.815421989,-0.19613283243462987,-0.18595457299349416,1.380816209383342,
1.820426836,-0.2335207292770191,-0.11811790644167042,1.4570791149676126,
1.825431682,-0.25576957299986236,-0.13280151509474258,1.3418763657045591,
1.830436605,-0.2352614580367307,-0.15987127799376277,1.265037042270679,
1.835441451,-0.2341778420427879,-0.13555846038329156,1.0273525097931042,
1.840446297,-0.2486338252241962,-0.05481670238866432,0.9214807016821389,
1.845420605,-0.21422993615591945,0.06340686529243778,0.8827518831230545,
1.850425528,-0.19436831057329518,0.0507254922339504,0.8364474781781297,
1.855430374,-0.17847896242347988,0.07122614574028541,0.7151266104721898,
1.860435297,-0.15044460792706515,-0.05027931061114077,0.5031483464832185,
1.865440066,-0.15866292396677417,-0.04788488647719391,0.302918457460013,
1.87044499,-0.18822189076338525,-0.1225837270528487,0.14273607212035344,
1.875419297,-0.1046088846810207,-0.09040554365399767,-0.10033140597559154,
1.880424143,-0.12199429768622283,0.011951382947895661,-0.08026512478047465,
1.885429067,-0.07461112418413451,0.10915989557340433,-0.07953497580094293,
1.890433913,-0.10565757496071093,0.14095807774412394,-0.12491948454700363,
1.895438759,-0.07686462198028743,0.1893809374455433,-0.207195719473539,
1.900443605,-0.11512181118591447,0.28941072911292887,-0.5028598470632062,
1.90541799,-0.10742032492529408,0.11660691809869261,-0.8006834159806431,
1.910422836,-0.13190493555363858,0.16223857174091716,-0.9776500042688898,
1.915427682,-0.09786251045462957,0.12979085739273355,-1.1268847128877688,
1.920432528,-0.10893576031682861,0.1727856278087181,-1.2692575566871689,
1.925437451,-0.03351849465177825,0.17653578755581245,-1.329525002869266,
1.930442297,-0.01149191974486008,0.27147317121286285,-1.423708350684084,
1.935447144,-0.0704850873858539,0.37040739210334706,-1.3841326961722658,
1.940421451,-0.033403755943839375,0.3652789509446406,-1.4673945053264852,
1.945426374,0.003922794881769276,0.37649907399423777,-1.5416646276986885,
1.950431221,0.0031382359054153985,0.3088606971836714,-1.7389873723249671,
1.955436067,0.0638021403142981,0.3313644709854624,-1.7053088553795046,
1.960440913,0.0050730366380351555,0.4106590416168612,-1.709012556715713,
1.965445836,0.01938130528699067,0.4281260225085769,-1.7962505727163212,
1.970420144,0.05381228185471465,0.48806828283535275,-1.8277345585148534,
1.97542499,0.058372749144049996,0.536022085136309,-1.8529209842142258,
1.980429913,0.01605239967839922,0.5743851329375385,-1.8271014968440369,
1.985434759,0.051149157367841536,0.5437840017071628,-1.883061049770152,
1.990439605,0.04091932589427327,0.5499488903992386,-1.7899224268522538,
1.995444451,0.017412537055140342,0.5395579015344788,-1.853317412306998,
2.000418836,0.10586738087091885,0.569552348067793,-1.6818513175409109,
2.005423682,0.06937102872017264,0.5705635436458849,-1.6749232689985494,
2.010428528,0.11678837456610391,0.6096797377334804,-1.6463965161998164,
2.015433375,0.13939937526628643,0.6026654553784347,-1.5546221720662983,
2.020438298,0.1804725136331341,0.5970540294943982,-1.4965251912663193,
2.025443144,0.16736234871320899,0.5695805748223253,-1.4806937400491886,
2.03044799,0.08792120335716391,0.5399403730963857,-1.36076806576982,
2.035422375,0.169935751900819,0.5545354970244718,-1.318457973734021,
2.040427221,0.09764138773739106,0.5049199015258274,-1.2233180147294043,
2.045432067,0.0934359861664753,0.5265190244005935,-1.0246234211829375,
2.05043699,0.15136324034156645,0.5667826366652502,-0.8273601749346318,
2.055441759,0.16705926788665648,0.530040679949876,-0.776809709771924,
2.060446682,0.14897031412774558,0.4623397339013071,-0.6674163957472263,
2.06542099,0.13449913919968792,0.5154392996332526,-0.6641777531334254,
2.070425836,0.1459065370639434,0.38936712574175836,-0.5696493924481469,
2.075430759,0.11672522965115473,0.3498008905348131,-0.5706410837827365,
2.080435605,0.10104163363013399,0.40242372024035067,-0.5178045616673028,
2.085440452,0.11914053260830032,0.24532459630946812,-0.4448894012869675,
2.090445298,0.11063531398413173,0.1656139250944495,-0.2869583884001794,
2.095419682,0.14979981469820017,0.15547545404040353,-0.20658239675529977,
2.100424529,0.15048563351400754,0.1703489911620104,-0.11163585148627098,
2.105429375,0.11272706137234419,0.151602068906171,-0.1199544331421416,
2.110434221,0.15147321409888626,0.052328713230405555,-0.07297923254886962,
2.115439144,0.1288400152278547,-0.004105657345363056,-0.06604482402737721,
2.12044399,0.1413792438469414,-0.1258677244236539,-0.05283585922190204,
2.125418298,0.12076483306583435,-0.2386002540628489,0.042007130493571854,
2.130423221,0.11193475435015895,-0.1525728225740095,0.2021575308719079,
2.135428067,0.10487070329854759,-0.1067353820826451,0.4068924217922527,
2.140432913,0.16817245203550557,-0.1313571243306666,0.5936642670236463,
2.145437759,0.11921508565184197,-0.14339288940593953,0.8196965045612998,
2.150442606,0.14900218212315813,-0.12237574951303287,0.7860020309195477,
2.155447529,0.1881547591186315,-0.18217641748152014,0.858644764384076,
2.160421836,0.1122165696697831,-0.1993712952706166,0.7099001254721049,
2.165426683,0.03614314213414194,-0.27441870140814384,0.7211492416130358,
2.170431606,0.05956028950229647,-0.35744103565044094,0.6152265832318351,
2.175436452,0.08595546922695924,-0.423858807676847,0.6607329023276556,
2.180441298,0.06110291355142822,-0.5076388726185284,0.7201226530388825,
2.185446144,0.041220892852861346,-0.551678515239598,0.8059412620795436,
2.190420529,0.07894538989569244,-0.6558633142821324,0.997179538594299,
2.195425375,0.05549487392827268,-0.6855809922307596,1.0122642760170413,
2.200430221,0.09802598890244485,-0.6633864589762581,1.1775608257208603,
2.205435067,0.0707593531336746,-0.6149850804195319,1.2331833041313756,
2.21043999,0.025961706711956745,-0.5992482974994593,1.1857440310004126,
2.215444837,0.05141514116454832,-0.7322263359918924,1.17843912738822,
2.220419144,0.04879355091991988,-0.7849786591446186,1.1342872516176072,
2.225424067,0.031373402747654655,-0.7582274923257657,1.3211474526612736,
2.230428914,0.048083083846683305,-0.8211024482673509,1.3710376825880033,
2.23543376,0.007820667440505857,-0.8254337850909316,1.6484544441661058,
2.240438606,-0.03205067983085946,-0.6603470280727453,1.7861112726180401,
2.245443529,0.03565103156713617,-0.5282776224581962,2.018820506131542,
2.250417837,0.020859339581711822,-0.4685907258962445,2.113050637082969,
2.255422683,0.009026033677088208,-0.36721114272871436,2.2114182928694994,
2.260427529,-0.015763487023173206,-0.3933677033980594,2.083254354754583,
2.265432452,-0.035595127425240236,-0.3836471999804104,1.9500766893700714,
2.270437298,-0.05146043974689385,-0.36820935925801,1.8435345570624637,
2.275442144,-0.07181415143435588,-0.27924451606241396,1.7506401761675487,
2.280446991,-0.13406577255587093,-0.1621041089436812,1.5767252146645063,
2.285421375,-0.23749718305476752,-0.16799047709635118,1.4529161214386352,
2.290426221,-0.20532063434130549,-0.22632973290388758,1.3232230949048152,
2.295431068,-0.23320951791291716,-0.22703250962022925,1.165839370699242,
2.300435914,-0.2325362869635048,-0.30420911087611513,1.0399316283953315,
2.305440837,-0.28562782474635623,-0.1744142514389293,0.8779139306459527,
2.310445683,-0.29745526129626104,-0.2161458764013875,0.8402370283058254,
2.315419991,-0.2686099848319918,-0.25719261435963525,0.8100955064337221,
2.320424914,-0.32980967689910173,-0.2900300047262334,0.7629979749711957,
2.32542976,-0.27150917950756265,-0.2933155076872369,0.7483042637660198,
2.330434606,-0.29382181885629427,-0.1503764929112641,0.7671950467550026,
2.335439452,-0.24271889307331668,0.08655782208944562,0.7669847971696271,
2.340444298,-0.2554666660486192,0.09989200962468159,0.613587837735702,
2.345418683,-0.20437333283889536,0.10289792166458911,0.49087027018856055,
2.350423529,-0.2247902178610821,0.0669954613551087,0.34672758822116023,
2.355428375,-0.1951550979491441,0.07658068304893062,0.19310625270583515,
2.360433298,-0.17144695433587787,0.13787902168938881,-0.029389509554082593,
2.365438145,-0.16014187743354613,0.056673151433542124,-0.2686776232682675,
2.370443068,-0.135774987618834,0.03767698779112072,-0.48309242820445775,
2.375447837,-0.1162814280833484,0.07611031353001563,-0.5473641403174732,
2.380422222,-0.18496249369348539,0.1298412880859754,-0.7290267187481199,
2.385427068,-0.1249856333062288,0.1345187824219054,-0.7824187626938084,
2.390431914,-0.13063430628182382,0.19955237716433105,-0.8021480838855162,
2.39543676,-0.13515319697858408,0.30520931887624037,-0.9864839395205216,
2.400441683,-0.11578404325486435,0.19819882717130466,-1.0879832331593864,
2.405446529,-0.08496574893189435,0.1355747477721998,-1.2534592488810254,
2.410420837,-0.10627983677063757,0.23104290139769157,-1.393500736507164,
2.41542576,-0.008409441849981714,0.16185000715330955,-1.4365817476529976,
2.420430606,9.338845082959013E-4,0.25972454689086066,-1.4174157277122426,
2.425435452,-0.052883005995047805,0.26907118910265426,-1.4174057877362003,
2.430440299,0.0649538700910468,0.3148557404972113,-1.4020757227182568,
2.435445222,0.10559320967452202,0.3361605056362945,-1.3668265937996047,
2.440419529,0.053828768102776814,0.3991729695191064,-1.491856050430309,
2.445424376,0.02774013850565893,0.38829138903539007,-1.5459117507446365,
2.450429222,0.05283786275765223,0.44087768815931183,-1.6657699279394595,
2.455434145,0.04227029020612183,0.36036358851573075,-1.7233500426933652,
2.460438991,0.056800593813457034,0.2959523207217948,-1.6851375536859425,
2.465443837,0.1220549026172939,0.3363606457925237,-1.7235212673139877,
2.470418222,0.11296684575411353,0.4376403192692119,-1.6009987155113468,
2.475423068,0.16698790416981912,0.4880182584137216,-1.5489496834686474,
2.480427914,0.11060600937101162,0.520659195582906,-1.3770656305639797,
2.48543276,0.13445348311021255,0.5391104596462565,-1.3468189015459107,
2.490437606,0.15353143825971538,0.5079028429672494,-1.3839130222377047,
2.49544253,0.13814805042619271,0.5748740531671345,-1.3063278054854761,
2.500447376,0.09519554052253376,0.574820907725358,-1.2749057655065457,
2.505421683,0.09147933223644744,0.5901013627159309,-1.2037991241239867,
2.510426606,0.08084490377743925,0.5870027553643953,-1.1545756304759474,
2.515431453,0.12596749845377514,0.6304925927802858,-1.1075350160995079,
2.520436299,0.11609687473958263,0.5120555122125099,-1.0315953346569504,
2.525441145,0.0315859482017003,0.5552118269147834,-0.9708439709726306,
2.530446068,0.10188320996974648,0.6203826306297273,-0.93756537453201,
2.535420376,-0.0027693214208702743,0.5269520471917701,-0.8343281174967014,
2.540425222,0.07439899427169006,0.5211603316010724,-0.7670615693147438,
2.545430068,0.15145653472322973,0.44757401723398305,-0.8128466431471075,
2.550434991,0.10584233988109232,0.3963664037285928,-0.7575374463536235,
2.555439837,0.09233530989315514,0.3860462556122686,-0.7056290324002816,
2.560444684,0.13515981142541889,0.27819125253668986,-0.6487790437913192,
2.565419068,0.13877363685624697,0.2761830679473207,-0.5420075489978995,
2.570423914,0.1493261351891907,0.21328501636957542,-0.502558981092851,
2.57542876,0.11179946122237458,0.13232082315425409,-0.48632319348023767,
2.580433607,0.14306968704993261,0.09053378254684086,-0.3737356788076278,
2.58543853,0.13744008595653165,-0.034833296533328006,-0.2530197243815513,
2.590443376,0.15592073841816417,-0.0048823232618184775,-0.11813996163414764,
2.595448222,0.147720928541233,0.04972420730851379,0.08170110442315082,
2.60042253,0.14116108063968807,0.04744080383509219,0.2032671487973099,
2.605427453,0.19720475390841793,0.09924433770918695,0.26221241288550434,
2.610432299,0.08881080162755833,0.0027808995496738653,0.24041568226152865,
2.615437145,0.10935586700623978,-0.08971253621963582,0.2842698016685983,
2.620441991,0.11046903141169348,-0.14072297087024,0.26572303127628505,
2.625446914,0.05772944933437188,-0.16620863334902403,0.2968546243618482,
2.630421222,0.023199221660795855,-0.15595122064406297,0.29111376540744693,
2.635426068,0.026220815316917945,-0.15540672846837555,0.39378121007986344,
2.640430914,0.028638102162744566,-0.23158560997806976,0.4529312333226798,
2.645435838,0.022910481730195664,-0.24656008725613754,0.5845266883183005,
2.650440684,-0.012317390410826357,-0.35047692493796667,0.5902043584671404,
2.65544553,0.020791863466321836,-0.5102249657011058,0.6943455699035948,
2.660419915,0.024294940682267674,-0.5384245137290975,0.6091065218408449,
2.665424761,0.06540462815921746,-0.5533227141632096,0.7477744905439652,
2.670429607,-0.001306422995239559,-0.6112099978076184,0.8970160554478674,
2.675434453,0.037262087308001485,-0.6575197770394299,1.0853622492655202,
2.680439376,0.12940845906148907,-0.5796459352332284,1.2437006423079247,
2.685444222,0.011589416022384613,-0.5556540994133894,1.2937565953893087,
2.690418607,0.04757877044302977,-0.5287991927692369,1.2801712919364467,
2.695423376,-0.023228547156470936,-0.5915911449296535,1.1697051182659548,
2.700428299,0.019724387979016378,-0.6341632686697054,1.1502843582846385,
2.705433145,0.008118072394931841,-0.6528980797642556,1.1424091882878677,
2.710437992,-0.008828441902474948,-0.7138545804114411,1.2816771370072466,
2.715442915,0.031244484103142123,-0.8162499183727321,1.3241377911487664,
2.720447761,0.002011249475812049,-0.8292131991635177,1.350444876473702,
2.725422069,0.01693187555721215,-0.8012765384873084,1.5323815054270078,
2.730426915,-0.055407501053406305,-0.6869899540869658,1.6549464946248094,
2.735431838,0.0016426628497493434,-0.6491907524846605,1.8372735409146905,
2.740436684,-0.02167019560597322,-0.4963682880228847,1.8605529330735493,
2.74544153,0.03629396903783494,-0.42774038237143275,1.9098214358143082,
2.750446376,0.02137371340012878,-0.34985374388542745,1.9415755629580875,
2.755420761,0.0017760947435405128,-0.2415758051669359,2.020608167651627,
2.760425607,0.0014208757948324102,-0.13963048284814827,1.9535905685451294,
2.765430453,-0.04483197497753738,-0.1653345475639192,1.78505415649626,
2.770435299,-0.06651136769794178,-0.055653162800891165,1.611917836915758,
2.775440223,-0.13748498951548538,-0.10581403414696289,1.4504244672865134,
2.780445069,-0.2019253368787305,-0.08465122731757035,1.2216318406749131,
2.785419376,-0.10791015292106759,-0.1443354571043005,1.038596976446179,
2.790424223,-0.12463534953116331,-0.130791241660003,0.9304762750045992,
2.795429146,-0.14567695076798562,-0.01269564210119567,0.80567252390993,
2.800433992,-0.185494568074029,-0.07144811295463827,0.8054282168818503,
2.805438838,-0.16371854235671468,0.034778860863095895,0.720956953388292,
2.810443684,-0.1616206216012836,-0.048791386559767336,0.5691041247223527,
2.815418069,-0.22889529841704376,-0.3071837249399525,0.3556846059302252,
2.820422992,-0.14480900110851294,-0.36833008313189364,0.12365748699027357,
2.825427838,-0.1081857628985291,-0.3099869424820776,0.02231160970940671,
2.830432684,-0.09421004830710453,-0.04879197555548642,0.20938523747455662,
2.83543753,-0.09835237645238526,0.04524233279413625,0.36670557767495815,
2.840442377,-0.07102046317362698,0.11280834148555319,0.377640280011061,
2.845447223,-0.0721392465154641,0.17452249105953643,0.18719065418462932,
2.850421607,-0.03472705940566967,0.0859879269296604,-0.12605924423042225,
2.855426453,-0.09673466094464073,0.1377433788056912,-0.3613370499253534,
2.8604313,-0.16166361815238006,0.0795488557239965,-0.6951258533191886,
2.865436146,-0.07570078092021948,0.055977646590916086,-0.7323137563858211,
2.870441069,-0.12185217632614143,0.06010499324929541,-0.800372031719986,
2.875445915,-0.05151308928936771,0.07872984191999288,-0.8548178890478635,
2.880420223,-0.0718562472264771,0.1855669767159258,-0.9443432028398533,
2.885425146,-0.06514643576946294,0.2710366845526724,-1.0849171587074284,
2.890429992,-0.15937737581893952,0.3470739364940665,-1.1590683705206306,
2.895434838,-0.1504862623037112,0.3236278248086566,-1.2720194058891607,
2.900439684,-0.12038900984296896,0.35083961107373196,-1.301089493217189,
2.905444531,-0.10397264586265642,0.2730102508707044,-1.4162820559995328,
2.910418915,-0.15979259194036932,0.2720383142982481,-1.4701296792234544,
2.915423761,-0.035896722325488795,0.2865836410168455,-1.4825612629100142,
2.920428607,-0.02871737786039108,0.26757415043859856,-1.4235535879647294,
2.925433531,-0.015312464300031525,0.3443038853609497,-1.3686867729596734,
2.930438377,-0.02757284741658772,0.3214117839021631,-1.3554383099693013,
2.935443223,9.260837152893497E-4,0.42568122975692335,-1.3831467295184101,
2.940448069,-0.022243494676328135,0.4554666638983503,-1.443621418038557,
2.945422454,0.012851003895778312,0.4409877855072987,-1.5073232818917823,
2.9504273,-0.02036499652021817,0.352790228405839,-1.5582855359138161,
2.955432146,-0.04693779685301536,0.41247675369520653,-1.53776307228574,
2.960436992,0.04672567575611308,0.4065958543645515,-1.5136840448647249,
2.965441915,0.0067347886517654665,0.4401983486832916,-1.4944204414581854,
2.970446761,-0.009935092738865947,0.482403267798562,-1.4177184362964308,
2.975421069,0.030359163434029335,0.5621358787041817,-1.2950649467910509,
2.980425992,0.09324032032547047,0.5569688824829987,-1.2275882886095992,
2.985430838,0.11289949388549847,0.5834811805103248,-1.2732056559120934,
2.990435685,0.08265815712011748,0.5510608576467853,-1.240746226389831,
2.995440531,0.09677230149107685,0.5327860373442349,-1.268409130159716,
3.000445377,0.13104797863640394,0.5258276190904758,-1.1526331879168348,
3.005419762,0.13548415870410607,0.46663072320206833,-1.0829971295571008,
3.010424608,0.05475721336160033,0.41927330185877376,-1.0732565293292744,
3.015429454,0.14340455990436812,0.45800174466695065,-0.8739280994399818,
3.020434377,0.14536942371847744,0.4047085856749668,-0.7834186788928061,
3.025439223,0.10097263915636157,0.3237668685399735,-0.6803650090322142,
3.030444069,0.07311667333680799,0.3279665320939418,-0.6438907010734276,
3.035418454,0.05849333866944639,0.34664904354624726,-0.5917269407415544,
3.0404233,0.0621175707539775,0.3615952434429548,-0.4810429905815248,
3.045428146,0.02670971879648032,0.2969376327426452,-0.5227402762542823,
3.050432992,-0.016939462587937826,0.23755010619411632,-0.5331141722973713,
3.055437839,0.0017713297480701495,0.22834727489669948,-0.39584558588477226,
3.060442762,0.016739939775018586,0.1520320679642344,-0.3396607826726612,
3.065447608,0.05169918944513696,0.11396421638310628,-0.2180985602201604,
3.070421916,0.05668223945360101,0.06818705914164136,-0.16681741018784724,
3.075426839,0.03768434165367063,0.046888209325032015,-0.07982348076258283,
3.080431685,0.00716313551623482,-0.02378112718108749,0.05872422320243409,
3.085436531,0.11299074753728594,-0.08031640565112008,0.18488526235100977,
3.090441377,0.029101034518933977,-0.09489887647402107,0.27049159916303456,
3.095446223,-0.015026386168116967,-0.05293478721437328,0.2623619072601153,
3.100420608,0.04927044265547223,-0.11130086703346143,0.2252124017846553,
3.105425531,0.03941635412437777,-0.20396235881841962,0.36404443314647406,
3.1104303,0.046855971196993695,-0.2704301142581049,0.42914181177596866,
3.115435223,0.08345345257099829,-0.32360431860985317,0.5884794650457748,
3.120440069,0.08974709986350032,-0.38146655806781404,0.5857051418608386,
3.125444916,0.07179767989080027,-0.3358190937748078,0.7367148245482404,
3.1304193,0.08808392566808762,-0.3682540642349341,0.8728454466747255,
3.135424146,0.07812858597333194,-0.30992612736450975,0.943442372964781,
3.140428993,0.1544402125548916,-0.4088312426966616,0.9616131055251449,
3.145433839,0.0929063882884659,-0.41900234538413605,1.0680869474328114,
3.150438685,0.07432511063077273,-0.5497223307140471,1.061328383629843,
3.155443608,0.12075165201551297,-0.5623609915930272,0.9410003442329753,
3.160417916,0.058294095908217256,-0.5877948081937028,0.9290133491168495,
3.165422762,0.06195816462406526,-0.5545117478725586,0.980715256930198,
3.170427685,0.12618098310763845,-0.6504684266374329,0.9990932321554862,
3.175432531,0.054976122793636395,-0.6582807562292273,1.2206536750798582,
3.180437377,0.12825679955250557,-0.6185619562101885,1.3212884124759956,
3.185442223,0.16389699123197027,-0.6634013437614859,1.4860712573245465,
3.19044707,0.16176339262241704,-0.5613668746460294,1.6485440480959657,
3.195421454,0.13707215208621487,-0.6253067641821557,1.5103711881838038,
3.2004263,0.10965772166897192,-0.6458128761742158,1.4764472801368864,
3.205431147,0.0953876153234588,-0.600926214177898,1.456970354627087,
3.21043607,0.06098721628220455,-0.672277111784213,1.4950181171977643,
3.215440916,0.08709698680902778,-0.5378216894273704,1.4794876993246184,
3.220445762,0.1079848270723443,-0.49921029343642753,1.597308573766334,
3.225420147,0.032757724214332984,-0.39170679676086073,1.6149501304974425,
3.230424993,0.049190517178168025,-0.3057039994204074,1.6826942047397502,
3.235429839,0.03169097575425317,-0.19093313361835706,1.7292272632058623,
3.240434685,-0.020615895010000773,-0.1527465068946856,1.6668557790705485,
3.245439531,-0.031815591984563074,-0.16050439545715478,1.4330833171040958,
3.250444454,-0.07142114920105375,-0.19735655362768667,1.4146169832731204,
3.255418762,-0.057136919360842975,-0.31111409803520607,1.1853236525364643,
3.260423608,-0.05337099731881351,-0.22590696446332115,1.1091491197830763,
3.265428531,-0.042696797855050816,-0.15007981961753192,1.0558716945081024,
3.270433378,-0.026495976453901504,-0.06643369440862523,1.0745404952549187,
3.275438224,-0.06716545677652452,-0.014839765585493936,1.01286115596956,
3.28044307,-0.046070927432938336,-0.02719468844495765,1.055454940400649,
3.285447916,-0.07516396765054378,0.024212972541153066,0.9209783322033314,
3.290422301,-0.12908418158007554,-0.0802284111821654,0.6831525998446963,
3.295427147,-0.08794445140610452,-0.002891225039482137,0.46990769999294457,
3.300431993,-0.20060013507565114,-0.05594304594955446,0.16140589632248137,
3.305436916,-0.2370945624491394,-0.12903034999816887,-0.08539554661389026,
3.310441762,-0.15902986820386414,-0.15685444128393544,-0.2368680730332997,
3.315446608,-0.23448412772692495,-0.11016067705058585,-0.2507859623328894,
3.320420993,-0.1262957386706452,0.0038088095863380023,-0.1776444559014667,
3.325425839,-0.13168237865242802,0.11796880822815226,-0.10380837477976712,
3.330430685,-0.15131457853534575,0.1633279884770531,-0.18264615661092165,
3.335435532,-0.19766611423666286,0.23792261798501158,-0.26103849511295607,
3.340440378,-0.15047145340104906,0.17501521841144685,-0.5612569435513031,
3.345445301,-0.2276373899242084,0.22428808796768296,-0.7707867132883095,
3.350419608,-0.16678701212094632,0.041524491217652226,-1.007362708032991,
3.355424455,-0.1487525095151775,-0.012749130322997404,-1.2272700187213132,
3.360429378,-0.08069476998701991,-0.04850649419980435,-1.3648879143911117,
3.365434224,-0.11818592959130048,0.05313215586696307,-1.3064305951847643,
3.37043907,-0.12519454330988122,0.24170330312374633,-1.1983739988528903,
3.375443916,-0.07717127299934545,0.33893005964377254,-1.1042665208596567,
3.380418301,-0.10004425602459843,0.3707428369301058,-1.0366419764533497,
3.385423147,-0.0034209534112925044,0.39619305875917243,-1.0285109688579936,
3.390427993,-0.056366900172576506,0.4318761598827042,-1.1675742474985036,
3.395432839,-0.08340075776318323,0.4297768173028309,-1.2864855454597404,
3.400437762,-0.05139768255026822,0.39745156744394927,-1.4735526026275583,
3.405442609,-0.07176394567705535,0.3945757053635457,-1.454653849680172,
3.410447455,-0.026765356904803417,0.3846135777109415,-1.4778420372636685,
3.415421839,-0.03673520918412099,0.4072896573443056,-1.5653462921644508,
3.420426686,-0.044711043323859334,0.44841485289723404,-1.405505793497186,
3.425431532,0.010199840954315809,0.48131500337911237,-1.476830782258686,
3.430436378,0.015821310751733875,0.5459423673502015,-1.4266314043714026,
3.435441301,0.027979972261665376,0.5899827966969338,-1.4171168910752474,
3.440446147,0.09899840537586058,0.5945693405374787,-1.4554742898377366,
3.445420455,0.10218306210739014,0.5446085096919459,-1.3789000770117905,
3.450425301,0.03577777407250882,0.48165548336696,-1.3942547051641192,
3.455430224,0.08225235670154951,0.5002460995689343,-1.3452472852494601,
3.46043507,0.13475487493948668,0.591733020097042,-1.2907184733411698,
3.465439916,0.06183522433818606,0.4810478540659149,-1.2470950423448102,
3.470444763,0.11075975490237261,0.5533900143623511,-1.2275195549940126,
3.475419147,0.10393070374031849,0.519326486740125,-1.2271816596202099,
3.480423993,0.060160225185553085,0.5227214165954692,-1.188604534849488,
3.48542884,0.01748238051160167,0.4718072945617757,-1.0887895116686526,
3.490433686,0.05995458002268467,0.4617217488879459,-1.1238594444179295,
3.495438609,0.040302226029866495,0.42300746502832554,-1.0906235052413749,
3.500443455,0.0858718944255778,0.3613902859875042,-0.9414517460876315,
3.505417763,0.007405963950496419,0.36572679940767916,-0.8910676621288944,
3.510422686,0.059554884762081706,0.4151644473386433,-0.7128541297031159,
3.515427532,0.10893547132056014,0.37810018580060234,-0.5626218657742115,
3.520432378,0.0794869271472379,0.29481871065220044,-0.49606612054905685,
3.525437224,0.10189676742198345,0.2894852251745923,-0.4658058383337762,
3.530442147,0.08917886384679696,0.2239267421513924,-0.357321794690459,
3.535446994,0.086665978974929,0.11018826109171931,-0.393117758323168,
3.540421301,0.06167133923119747,0.07282773289681277,-0.22255676006429592,
3.545426147,0.07998285314040537,0.08124650028229397,-0.07078527621549924,
3.550431071,0.05632483558334633,-0.003955741668696167,0.01998615891041311,
3.555435917,0.05272131539565503,-0.010826031323238006,0.10026512646915098,
3.560440763,0.10346861433730269,-0.04696801499999648,0.1261807291050081,
3.565445609,0.04446766427553292,-0.13717329658251654,0.10860602127228791,
3.570419994,0.03557413142042634,-0.07909288531288805,0.09454625500611158,
3.57542484,0.02845930513634108,-0.2011802874068045,0.2748343917002014,
3.580429686,0.015105998670211021,-0.2222357338316936,0.3347894646541061,
3.585434609,0.05039202613047805,-0.25440306231559906,0.4746903974068788,
3.590439455,-0.005655051728788635,-0.1192465366139539,0.5483039536676904,
3.595444301,0.05676752212786387,-0.21798033247109472,0.6301794941109105,
3.600418609,0.06073690858001479,-0.3429360924539264,0.688018107007478,
3.605423532,0.05625097379298981,-0.37394766317822903,0.8492109486186781,
3.610428378,0.05266222298313757,-0.47537139500791525,0.817275024153731,
3.615433225,0.06511411619321172,-0.4109428679594571,0.8223716550651723,
3.620438071,0.04442984304535918,-0.42069164559437233,0.9337094730999898,
3.625442994,0.08151255004969066,-0.4744593433157078,0.930842090198742,
3.63044784,0.1188401536414371,-0.578765053082742,0.9132256893709076,
3.635422148,0.1027335728223599,-0.7005168585214914,1.0217151950514136,
3.640426994,0.08984830816709813,-0.736626736381364,0.8939869173936703,
3.645431917,0.07187864653367851,-0.7961604204247095,1.0063241774696232,
3.650436763,0.06516435521522407,-0.682897011953171,1.2341006322589019,
3.655441609,0.11342305960400301,-0.6076091611525025,1.53124260297509,
3.660446455,0.06009264804636158,-0.5397174425236867,1.7000040005929637,
3.66542084,0.14001146966389588,-0.48540406762063393,1.8120288047224182,
3.670425686,0.0966862759126963,-0.5109064049601546,1.7943877532505912,
3.675430532,0.10033335853685871,-0.5542925887966149,1.650030466272348,
3.680435455,0.08026668682948696,-0.619647335502624,1.672451283418269,
3.685440302,0.01824469769204412,-0.5799937816406247,1.6520799842541471,
3.690445148,-0.016050041483205546,-0.571255252515869,1.6281222698740212,
3.695419455,-0.020501471174845687,-0.617894495134033,1.570648145489061,
3.700424379,-0.0010782771214561393,-0.5709300713574705,1.5246688459810915,
3.705429225,-0.00852408352730405,-0.5333585323362207,1.6104691771266708,
3.710434071,-0.022142142798405706,-0.35007235061873243,1.6714472411153984,
3.715438917,0.00527062356797714,-0.24941212854186112,1.6436160753630222,
3.72044384,-0.07239796447493346,-0.19952970283348903,1.674980445739637,
3.725418148,-0.08090270938664845,-0.14430088629022886,1.5391817442870206,
3.730422994,-0.08770650531602042,-0.09245629969990765,1.4152206700878196,
3.735427917,-0.11613387390575519,-0.11227232506876406,1.285405295835881,
3.740432763,-0.13121432482879727,-0.20473952524666172,1.05130855063355,
3.745437609,-0.12029435372099376,-0.30169759935382356,0.8640311544716841,
3.750442456,-0.10389692692554076,-0.21837376551821497,0.7601778654718796,
3.755447302,-0.13674765961246554,-0.06743878521120283,0.7766939281196912,
3.760421686,-0.07875234593452504,0.022663447081281873,0.8435368441559099,
3.765426533,-0.14727777359486813,0.1483752988332383,0.8587039870434783,
3.770431379,-0.14846800659180637,0.16466896236370987,0.7865618834824382,
3.775436302,-0.11111295536423489,0.14705804586753057,0.6752181347156387,
3.780441148,-0.17316626560898435,0.087000589373468,0.3409771200771985,
3.785445994,-0.1308715625779773,-0.022336784360600603,0.058261432389883794,
3.790420302,-0.15066592567578518,-0.20174412994209368,-0.3441241914904367,
3.795425225,-0.19714719194901437,-0.23034834121563774,-0.558773321698208,
3.800430071,-0.07344186416254403,-0.14597148303110385,-0.5849245411476289,
3.805434917,-0.15069081871498397,0.013467450110761447,-0.5062468228595094,
3.810439763,-0.16652133058539048,0.14867993924510348,-0.27475301248682626,
3.815444687,-0.10257128867332949,0.16491267469320192,-0.29641678987227493,
3.820418994,-0.07439559295038234,0.3541120321495812,-0.41334650562828834,
3.82542384,-0.051855012530166666,0.23732090242254578,-0.5758432201276307,
3.830428763,-0.12575992326265872,0.212841131270312,-0.9127001803501518,
3.83543361,-0.1312537382469678,0.06301258244544883,-1.1055706057059034,
3.840438456,-0.08201862894901468,0.08871735126519709,-1.2368833949651137,
3.845443302,-0.1575522543860184,0.14758835626240163,-1.2883027975150583,
3.850448148,-0.172010479122218,0.19468506489273363,-1.4060534623772813,
3.855422533,-0.09163970768437113,0.26300832680127195,-1.3240401575971372,
3.860427379,-0.1652491173743036,0.33298981230466507,-1.3427053316441153,
3.865432225,-0.1092149322508833,0.38131351503538236,-1.3499767958328697,
3.870437148,-0.07971050781242539,0.4123110392316751,-1.4170847081506714,
3.875441994,-0.09441420588678118,0.4754162962138313,-1.424802410075225,
3.880446841,-0.10617711666255003,0.4339631505727497,-1.4846074004722887,
3.885421225,-6.658277752304986E-4,0.4850765413379453,-1.5094663158856445,
3.890426071,-0.03883989984530645,0.4340299071936435,-1.6059685910385948,
3.895430917,0.09151123098740233,0.469807048306356,-1.568248078397282,
3.900435764,0.011917433199956085,0.4831058777693829,-1.6453325630596218,
3.90544061,0.06316406016164944,0.5397136050322788,-1.6533693219320718,
3.910445533,0.05053124812931964,0.5237082590944876,-1.6981063004411645,
3.915419841,0.10937798808170274,0.5338882724672405,-1.6879272553187512,
3.920424687,0.14879396589718596,0.5037250455403207,-1.6108310773262904,
3.92542961,0.11137373472946754,0.47193307369421944,-1.5644766294391568,
3.930434456,0.12740620156683818,0.5154524857955856,-1.4890862626577706,
3.935439302,0.09426352326518933,0.5272836538281189,-1.367482083856686,
3.940444148,0.04476504281716859,0.5137642742893018,-1.331490626191794,
3.945418533,0.08944214785541948,0.49528733266996683,-1.3180203360364429,
3.950423379,0.056230818465915156,0.5264744073041863,-1.2076450285947793,
3.955428225,0.12159910618111835,0.49779400109359306,-1.1116833446531675,
3.960433071,0.12026362275159636,0.40589663886315575,-0.9966071890281976,
3.965437995,0.05024222258787375,0.46262329024701865,-0.8126086271991202,
3.970442841,0.16277691701301755,0.4543745454361403,-0.7113784056655463,
3.975447687,0.08425285799701071,0.34817676037234957,-0.6993471703332181,
3.980422072,0.12869384990850335,0.44709323477493035,-0.5977849262079804,
3.985426918,0.12593941773350434,0.3193673978785381,-0.5548423208491968,
3.990431764,0.10075153418680347,0.2478324803145493,-0.5817801219381469,
3.99543661,0.10358555919567997,0.20592742223992078,-0.54203847743333,
4.000441456,0.05222266560109659,0.20304912773334283,-0.5102451618294763,
4.005446379,0.04943958239008747,0.1701007401749557,-0.38521181549873784,
4.010420687,-0.006417009701333354,0.17438778208137062,-0.23155507251617813,
4.015425533,0.06381939969857384,0.1548331016416591,-0.1469368680715366,
4.020430456,0.07403985756556072,0.10088216734848343,-0.02561223859785411,
4.025435302,-0.01738257131640214,0.057721419913943084,0.05612497047425613,
4.030440149,0.047385509438005305,0.03085425995459179,0.029577100402842227,
4.035444995,-0.008060265082766832,-0.028946657954295407,0.0849531842285236,
4.040419379,0.0854891332001287,-0.10743333496939345,-0.016313651958001607,
4.045424226,0.01476118699795391,-0.16256104785832726,0.10187102972754403,
4.050429072,0.004147505649617397,-0.1990018755486247,0.23472558354766004,
4.055433918,0.06460956803058869,-0.22049309971258158,0.5248841197922296,
4.060438841,0.0746719907410565,-0.2300245456880341,0.6574122549402288,
4.065443687,0.14401349540055777,-0.26829554978895276,0.8323873234834327,
4.070417995,0.04625778290034123,-0.32189666703453135,0.8268004380103786,
4.075422918,0.06765200807572037,-0.3647775608309942,0.715070416326272,
4.080427764,0.10775172602272536,-0.3301293339736331,0.7712537207563299,
4.08543261,0.02490981730728551,-0.39434800834711936,0.7395863658872903,
4.090437456,0.08888086726593339,-0.4916916711430275,0.8215122323582698,
4.095442303,0.10941191951693982,-0.4776292024692317,0.8257618030985299,
4.100447226,0.04156086000014854,-0.550655188452436,0.88279114413898,
4.105421533,0.04091013790932904,-0.5631072777837384,0.9743836263707539,
4.11042638,0.01740521050904284,-0.5807303872370615,1.0170118602030485,
4.115431303,0.006262730418953033,-0.5871674368114388,1.012806875857752,
4.120436149,0.0050101843351624264,-0.6842544157768183,1.1550109730983102,
4.125440995,0.04997681116060432,-0.6853095475407357,1.1844976700802103,
4.130445841,0.06296578673518513,-0.8470440295197101,1.2617170935836999,
4.135420226,0.042711191399866844,-0.8538484403973844,1.2238947014782884,
4.140425072,0.09546050470985928,-0.9205835683732054,1.3545262226084116,
4.145429918,0.10701420340472825,-0.9050186811756151,1.581615210264463,
4.150434764,0.0702884629053622,-0.7776450108584609,2.0161138540025867,
4.155439687,0.14050665972095722,-0.5991316947219251,2.302420502147383,
4.160444534,0.05877521417508119,-0.42567528985957126,2.2556548160245473,
4.165418841,0.062343071158485364,-0.21029559535201248,2.2105808291379976,
4.170423764,-0.011417118505035406,-0.21420519957872908,1.9523391750291488,
4.17542861,-0.03977947059901127,-0.2786243868663525,1.7610687277186319,
4.180433457,-0.04714646437670045,-0.24588382345792592,1.6386981218233423,
4.185438303,-0.0913472851030449,-0.26566009602830354,1.5944324659645321,
4.190443149,-0.1726766232579883,-0.20486663883436163,1.4900662364435,
4.195448072,-0.19177141667842357,-0.11026314978208873,1.4372190047797986,
4.20042238,-0.14575568790387702,-0.08821051982567107,1.295342525601182,
4.205427226,-0.15491177900752698,-0.03226122591913061,1.151196353244618,
4.210432149,-0.17755954276817065,-0.07177760866499194,1.0282172144316313,
4.215436995,-0.14970907220281776,-0.19532816145591925,0.8685423994749932,
4.220441841,-0.181058821273149,-0.32481426027435467,0.7791097374510887,
4.225446688,-0.12186271921181754,-0.4437262060405287,0.5313505341014952,
4.230421072,-0.10515162527866426,-0.3703038408089854,0.41741898929291565,
4.235425918,-0.10710563802963306,-0.21196706404123145,0.5101482651648013,
4.240430764,0.036898616598083106,-0.1006207093384539,0.622638875803716,
4.245435611,-0.04709555812991975,0.019102221744324632,0.7585999922445339,
4.250440534,-0.08364512211733913,0.022943215383741,0.7447858775846896,
4.25544538,-0.02860887198967818,0.17158352280748113,0.5575215121263462,
4.260419688,-0.0075642096942510895,0.1525896942225473,0.3617413918299839,
4.265424611,-0.01371280574368211,0.15271750733116285,0.0748728497921114,
4.270429457,-0.010970244594945694,0.06088250195868028,-0.08566904194365321,
4.275434303,-0.03942198339186842,-0.012585597706737506,-0.1757953653908615,
4.280439149,-0.0698448004967589,-0.002407040177108799,-0.3628179939728451,
4.285444072,-0.06353730222754628,0.0823502810968384,-0.5584054877075726,
4.29041838,-0.11212139337200283,0.18846332805740218,-0.7378590337207456,
4.295423226,-0.12800435232272434,0.18907794775475972,-0.8967447465078457,
4.300428072,-0.17135649527828445,0.24319970943061442,-1.0238540796769797,
4.305432995,-0.14474663421090883,0.22520551949761658,-1.1255407832728341,
4.310437842,-0.19241178261897124,0.24911745286005615,-1.145598642243268,
4.315442688,-0.14626794042317992,0.2605854661942948,-1.1693071303473488,
4.320447534,-0.1399987139871035,0.3233900858308021,-1.303194727715379,
4.325421919,-0.10433753320140154,0.2893578206177667,-1.4332898825140994,
4.330426765,-0.10645434052596503,0.3693922833344234,-1.5680109953667483,
4.335431611,-0.15411650968273494,0.4027740538709079,-1.652804334623477,
4.340436457,-0.1232932077461879,0.383510842370408,-1.6746696151597185,
4.34544138,-0.09863456619695032,0.3910845632929939,-1.6538554125867595,
4.350446226,-0.06358472929728198,0.39714354003106267,-1.6831719155186278,
4.355420534,-0.1198208206997885,0.4632823028138059,-1.8292088886160744,
4.360425457,-0.057549418934708774,0.41659451488421584,-1.930714828178015,
4.365430303,-7.085953436369863E-5,0.4022286208571293,-1.8740144589779586,
4.370435149,0.022927674021068545,0.406058799493416,-1.8056690867136176,
4.375439996,0.003019215556576471,0.3554928153897157,-1.8276075502546831,
4.380444919,0.10201416166034905,0.36100871564108783,-1.7915282551695668,
4.385419226,0.08927276731656042,0.3960671997162394,-1.6783890012303804,
4.390424073,0.033111023911842064,0.4317754488064999,-1.503601398738211,
4.395428919,0.14907192230940525,0.4833263858854099,-1.3407873842493583,
4.400433842,0.050304548269277105,0.4785984599351346,-1.3024730470479238,
4.405438688,0.17048820362549244,0.5131233091163206,-1.1798843214274015,
4.410443534,0.1134062250936923,0.494774560531582,-1.1737509782600855,
4.415417919,0.1137093178816555,0.5030798756286348,-1.0615837904205687,
4.420422765,0.07564455448690399,0.4944012517297145,-1.0944334294311817,
4.425427611,0.06817708157780444,0.44148962931345914,-1.0211140653222897,
4.430432457,0.06220312709238274,0.4604520260215681,-0.9547975175166208,
4.43543738,0.12637695308229246,0.4296531247235045,-0.8404523938961095,
4.440442226,0.047471448864149446,0.4050140990524853,-0.6953462290817312,
4.445447073,0.0379771590913196,0.39296431650395114,-0.6865214290661665,
4.45042138,0.08401184087474028,0.413970242418249,-0.5185713912998082,
4.455426303,0.05188657288137183,0.4384363257705368,-0.4301799890164091,
4.46043115,0.08747793391850078,0.28945755671017936,-0.3747897431662519,
4.465435996,0.03167513335153649,0.33116492995066293,-0.315154670509564,
4.470440842,0.08663165827119501,0.2189631252959796,-0.29809236433733854,
4.475445765,0.015675213015271472,0.2058162521899085,-0.3380729667872533,
4.480420073,0.08149317191139321,0.11102293583395806,-0.23215118348839603,
4.485424919,0.08817887533581623,0.0581725967140414,-0.12442906141474008,
4.490429765,0.09352743807535466,0.03887663938295205,-0.03059030723726064,
4.495434688,0.09014484431823966,4.555595532367285E-4,0.15174082794066024,
4.500439534,0.1180845465976467,0.00802588563087081,0.2439756701650282,
4.50544438,0.15575919929889603,-0.03954801479242254,0.3024410494376868,
4.510418765,0.12460735943911683,-0.19252870495527596,0.36453584736264943,
4.515423611,0.06137866184710035,-0.13103864999937698,0.3988888097260572,
4.520428457,0.14104027474402245,-0.27338274647655236,0.46467875102791645,
4.525433304,0.1204936637439637,-0.24935194913436698,0.6705390823653019,
4.530438227,0.15002504459685553,-0.24545028260461277,0.7586133490221245,
4.535443073,0.1583272733026065,-0.288297577310497,0.8214113243593015,
4.540447919,0.1956148320621902,-0.3455597270400481,1.0018937689600982,
4.545422227,0.17947620345645382,-0.3147549715734448,1.13861866812218,
4.55042715,0.12059662495846141,-0.23648110128219324,1.2786443394049707,
4.555431996,0.09647729996676913,-0.19684631901403593,1.3906648764312024,
4.560436842,0.054197502166713624,-0.18046136917607258,1.3500364787816803,
4.565441688,0.09698811533505547,-0.30525948382962764,1.2868887716483908,
4.570446611,0.06226759244962399,-0.36679069024363375,1.282338470931994,
4.575420919,0.0038453983462958807,-0.4773072546485203,1.0641779666870015,
4.580425765,0.026060656483738343,-0.5733819441607109,1.042878323056632,
4.585430688,0.005525649210428196,-0.6119344700662702,1.0335008090800706,
4.590435535,0.06571207095830839,-0.688745154483192,1.0566437869124954,
4.595440381,-0.062352020345932624,-0.6122876870974484,1.17475686302609,
4.600445227,-0.019235828560834223,-0.6507205143248704,1.2462637728915755,
4.605419611,-0.015388662848667356,-0.6891281902532314,1.2881456618679472,
4.610424458,-0.035295268085635545,-0.7888073682578829,1.2603596691427956,
4.615429304,-0.0665434520936305,-0.8225820350482009,1.222808761925565,
4.62043415,-0.037911861856483986,-0.6657270660268421,1.3766417849310777,
4.625439073,0.02330062411649736,-0.379352797688417,1.645276288052285,
4.630443919,0.0033175994747774995,-0.21154483924021117,1.8984910804906576,
4.635418227,0.017976979398242388,-0.09262144382564064,2.078077837537057,
4.640423073,-0.023925642185599227,-0.08175859304879374,2.0608578083597244,
4.645427996,-0.03446340164597084,0.018869038799490423,1.763607816511998,
4.650432842,-0.1348309604410748,-0.023212006585529688,1.4262091291861623,
4.655437689,-0.11552621230160556,-0.056876842893545776,1.179274493290336,
4.660442535,-0.12306675308684797,-0.08380866425624289,1.02003397451508,
4.665447458,-0.19805219019445017,-0.2126144439172013,0.8849801215065938,
4.670421765,-0.19674897785975326,-0.38461200954049923,0.6926612212287129,
4.675426612,-0.18804497000371448,-0.4532570247771748,0.4621917211235953,
4.680431535,-0.18874320170716472,-0.33195986786861487,0.2701546830512207,
4.685436381,-0.22760902469504696,-0.10467750580612245,0.3003995643120696,
4.690441227,-0.228055871527583,0.061825412499877386,0.4625013531098112,
4.695446073,-0.22075193484718847,-0.019492707262060982,0.5308912802417556,
4.700420458,-0.15361721007104912,-2.711944656546006E-4,0.6622183647695756,
4.705425304,-0.1995082194652255,-0.046185678869642866,0.34590018009691015,
4.71043015,-0.13662223776547877,-0.09057860901368309,0.03921480350135553,
4.715434996,-0.17825080363248802,-0.12609304849634695,-0.23677848678875968,
4.720439919,-0.13493920491770917,-0.2081346660004466,-0.31200579724350774,
4.725444766,-0.1156128019224486,-0.16650773280035747,-0.30323470371277494,
4.730419073,-0.054183003912836813,-0.04126883501347933,-0.12766619314600014,
4.735423996,-0.05866932679054776,0.10489091114571081,-0.01785713664570565,
4.740428843,-0.008628223807316149,0.22948024142877554,-0.08323865121109542,
4.745433689,-0.045209816670974956,0.2601986207095488,-0.15852817682825027,
4.750438535,-0.09745940492674576,0.346064923407849,-0.4256193859450228,
4.755443381,-0.14692051351964364,0.269190500737998,-0.7235674081700818,
4.760448304,-0.07922917319059286,0.2153524005903984,-0.9312808369364554,
4.765422612,-0.1476592517909997,0.1569589968120404,-0.9978521231624455,
4.770427458,-0.14877320106964054,0.15621299708647318,-1.1277235320260512,
4.775432381,-0.08071132323059038,0.2552149865211072,-1.1243612902204507,
4.780437227,-0.07989193456103483,0.380385205998502,-1.1369936098130786,
4.785442073,-0.03326779569570282,0.41922985383230993,-1.0781465235926504,
4.79044692,0.06532311467024432,0.4196597843834444,-1.1613140633565422,
4.795421304,0.11355004332616125,0.5196025180394399,-1.3351074640641407,
4.80042615,0.07551715868436648,0.4769735779424467,-1.3898663667591258,
4.805430997,0.03742941298264946,0.5194848772732383,-1.5256115077139398,
4.810435843,0.10655795795264789,0.49986381505711613,-1.6035611055852144,
4.815440766,0.06226205239727456,0.46884404162394,-1.6122914809037194,
4.820445612,0.06513251789438212,0.45168970854939616,-1.6422593321839134,
4.82541992,0.0367831383389432,0.41498188044120154,-1.635588624194396,
4.830424843,0.014103587010876217,0.4392457315563304,-1.5919441049219234,
4.835429689,0.018944355280698044,0.4893025644015585,-1.6719504407978913,
4.840434535,-0.00782887742400118,0.4603950887832098,-1.6286953776627264,
4.845439381,0.0243826976976399,0.47557629822993697,-1.670705707037408,
4.850444227,0.03482903413467442,0.43409119986934996,-1.6736682185840284,
4.855418612,0.004878913342895808,0.423887435145724,-1.561116276527379,
4.860423458,0.019226006650879146,0.41572432799939163,-1.4710751043517858,
4.865428304,0.023042243308984522,0.36322530972006994,-1.45267223252928,
4.870433228,0.0031109186706250735,0.30590312375261863,-1.3383508597538931,
4.875438074,0.06378028652646589,0.35964416419374534,-1.1932636956156148,
4.88044292,0.06634712903959317,0.33368395928468386,-1.1155015357161249,
4.885447766,0.0377548034132541,0.3435616426779913,-1.0609528643150874,
4.890422151,0.045526742549023724,0.3514637893926371,-0.9406995473114446,
4.895426997,0.04408283202750024,0.3271396594437972,-0.8444972751782576,
4.900431843,0.05058916544042058,0.24638885157847534,-0.6909206961191687,
4.905436689,0.032809870522197304,0.27372565188045606,-0.6293509367781471,
4.910441612,0.02624789641775782,0.3492249673051462,-0.5111421874107993,
4.915446458,0.04398265494090792,0.13381246133190983,-0.4625438158466082,
4.920420766,-0.026105427637239498,0.16834166370664105,-0.3700350526772871,
4.925425689,-0.028545803939930725,0.12701189297703142,-0.28070516616526753,
4.930430535,0.10740794569998413,0.17822389426443763,-0.17093406701424563,
4.935435382,-0.013672432655100542,0.07362617351701894,-0.08311718769342757,
4.940440228,0.04269216747760418,0.11253100473158373,-0.01286368423677331,
4.945445074,-0.004153503643038681,0.044056175855579305,0.11229244189280774,
4.950419458,0.06563021050567402,-0.056692505909774926,0.13580258144393387,
4.955424305,0.03718126858611881,-0.06067688070438226,0.19291788302624102,
4.960429151,0.0527293526755967,-0.15580173176687495,0.2386101242920864,
4.965434074,0.07282928177731818,-0.12464138541349978,0.37476299262214585,
4.97043892,0.0276176257850137,-0.18398892620189367,0.407070525933654,
4.975443766,-0.0162131131552532,-0.1778369882820714,0.4405779905711418,
4.980418151,0.05598252289590239,-0.2342069418524637,0.5593215996102341,
4.985422997,0.04478601831672191,-0.29462578068534007,0.5700402875006869,
4.990427843,0.05881314053915021,-0.27400781448967826,0.647568561177307,
4.995432689,0.12366496383970643,-0.3877580780687935,0.8858042538490727,
5.000437536,0.08360908317427371,-0.4787582889320856,1.030423798587071,
5.005442459,0.09753304829486636,-0.5055897343256002,1.176765567800321,
5.010447305,0.09334933249384902,-0.46576333905044587,1.278516107194359,
5.015421612,0.021049340472465705,-0.3879335472169192,1.260317844861932,
5.020426536,0.009178034389691309,-0.29502396179697277,1.2917274814559523,
5.025431382,0.03798820330673594,-0.3432793966409473,1.2325793728600738,
5.030436228,-0.04622388876299749,-0.38954518250440817,1.1699387729462618,
5.035441074,-0.03697911101039797,-0.41123495906047236,1.2347470998999786,
5.04044592,-0.06789051451251149,-0.4898783199743606,1.2253022575567014,
5.045420305,-0.12326542503011417,-0.5298086723888856,1.2407314605863782,
5.050425151,-0.014336426785565959,-0.6460288526578699,1.1075067382933206,
5.055429997,-0.05743781704185613,-0.7313435365330342,1.1694785962010634,
5.06043492,-0.007643039850220745,-0.7689495316800407,1.0964730747147566,
5.065439766,0.032192805744945485,-0.768388528160805,1.2372668081604772,
5.070444613,0.04873858240265805,-0.8368927626073794,1.2886095280713512,
5.075418997,0.08495952961460079,-0.815081627230679,1.4369445987754403,
5.080423843,0.0986134114075925,-0.5524665125694553,1.6935177761883207,
5.08542869,0.10953650790128916,-0.5645564086029277,1.714902569339328,
5.090433536,0.6162689490530794,-0.3290619283349788,2.230003873098415,
5.095438382,0.1482501040628676,-0.002760412647841437,2.2819973306564663,
5.100443305,0.4557037004416088,-0.7836758155461296,4.009109980003689,
5.105448151,0.4794846255449375,-0.3664514747330463,4.5097339678896695,
5.110422459,0.628754002163245,-0.09396360135626125,4.236025089350797,
5.115427382,0.4187272408083548,0.33088571376362386,3.289221377632984,
5.120432228,0.22772156544331468,0.3796302838862653,2.3402424585516997,
5.125437074,-0.02468176406380529,0.21176687588220555,0.9221741304155806,
5.13044192,-0.15765143809125415,-0.20599729450602755,0.760723618297309,
5.135446767,-0.37894884548509594,-0.37165694739071076,-0.004336144424652133,
5.140421151,-0.5942940030648269,-0.3662784998070998,-0.10306760938737725,
5.145425997,-0.728262894483722,-0.032533717509254156,-0.6417405865333379,
5.150430844,-0.666886228825503,0.2957537552864198,-0.9577558725469828,
5.155435767,-0.7097221998420187,0.3285403554559425,-1.072662217568837,
5.160440613,-0.7210066626903875,0.23984797039991013,-1.5783057078929588,
5.165445459,-0.622774053449429,0.06929522545628064,-1.615071476714757,
5.170419844,-0.45991195745070534,-0.15908427404171377,-1.7900506506100875,
5.17542469,-0.34494525199572057,-0.11960598124508981,-1.692530175029086,
5.180429536,-0.20700316433461352,0.12649715508266346,-1.637497345589674,
5.185434382,-0.15794109347940966,0.26974950285946564,-1.6317782719795524,
5.190439228,-0.16466016009236562,0.36902850510434504,-1.5965580240777832,
5.195444151,-0.15471244203873624,0.295222804083476,-1.7139483845942571,
5.200418459,-0.16973858156067645,0.24383968125506206,-1.4860810404390783,
5.205423305,-0.13579086524854111,0.13378019341408387,-1.4799994759059487,
5.210428228,-0.1622628534842332,0.22194584376477544,-1.3678740924435093,
5.215433074,-0.09150309284598035,0.2618325644084879,-1.3394652895798078,
5.220437921,-0.10384822622990919,0.34737207836700024,-1.4469834560290806,
5.225442767,-0.014125543721964506,0.33152777629528474,-1.3184769625771704,
5.23044769,-0.1108992241926594,0.349498119373592,-1.4684999843683766,
5.235421998,-0.07339650337756498,0.39452017559168523,-1.3356901852486072,
5.240426844,-0.02041001276064569,0.3539233661775413,-1.352025353765292,
5.245431767,-0.016328010208516597,0.3827374940780499,-1.2731562327192645,
5.250436613,-0.005400970178532027,0.4134502224658091,-1.2407074507750213,
5.255441459,-0.004320776142825666,0.39971316755089437,-1.1841019103270476,
5.260446382,0.07315785433598365,0.41936932325580345,-1.0392187841210134,
5.26542069,0.11981788274246852,0.32017258262808024,-0.9616198545673189,
5.270425536,0.10351574418225606,0.37872121696611166,-0.8918788914663551,
5.275430382,0.16708846090061447,0.37192996315113647,-0.8820547489152712,
5.280435228,0.11834789274392898,0.32052833216946874,-0.8205657504261623,
5.285440075,0.08701687620686194,0.3790058165992225,-0.84032711205968,
5.290444998,0.23050384177054317,0.2036058163805743,-0.825490449413369,
5.295419305,0.16908019743987202,0.2394990806709878,-0.6833766734955393,
5.300424152,0.17357139557701973,0.2911980537518781,-0.6003317861841273,
5.305429075,0.21547154402814406,0.22529700501322125,-0.3576820396650753,
5.310433921,0.16471579723423402,0.20322191797542066,-0.3397756976500297,
5.315438767,0.1470955137639498,0.21620769566573683,-0.3790810714256878,
5.320443613,0.09469209704631609,0.24958063178283374,-0.33391060909367454,
5.325417998,0.11406091526217499,0.30692473262963627,-0.4050343710640023,
5.330422844,0.0682643705611804,0.2608626620802714,-0.38531900075745185,
5.33542769,0.07759585809750391,0.26998172893789874,-0.3312395145708056,
5.340432536,0.09272243843112804,0.1930009738180436,-0.16539291780898857,
5.345437459,0.06651651275662118,0.20803094033983527,-0.15529864821203443,
5.350442306,0.1451505614321036,0.13577900031874313,-0.11657748058134665,
5.355447152,0.13910478695238448,0.09330022891100054,0.013998147370860359,
5.360421536,0.15725250517531092,0.11294746843763837,-0.004124358079874213,
5.365426383,0.20241645554863497,0.06737366078526685,0.14992927330172545,
5.370431229,0.10064161284894213,0.06156036661649478,0.050990476746848756,
5.375436075,0.21841930519843472,0.01860244597263927,0.0790995713388849,
5.380440998,0.2130426698629409,-0.06939386109298251,0.15521729440020948,
5.385445844,0.2393871418598771,-0.07083806021838024,0.13183527350844848,
5.390420152,0.21449404980448725,-0.1026390761043916,0.1897440366778529,
5.395424998,0.2022410215990372,-0.08211126088351328,0.24373248520165802,
5.400429921,0.26905304746283115,-0.09633476065993563,0.34055330993867017,
5.405434767,0.2458882256861768,-0.12303653182506769,0.4409946651628509,
5.410439613,0.20437203045815167,-0.12141353942489808,0.4983630539076245,
5.41544446,0.6768144464185233,-0.12777658349304355,-0.6126201342664785,
5.420418844,0.3192696647397991,-0.17117430405639777,1.8313215103846687,
5.42542369,0.11750970495162932,-0.25186115612048443,0.8214956543526561,
5.430428537,0.4157884932551268,-0.5002852925416512,0.9330090539997027,
5.43543346,0.6084428482845214,-0.17038485596630437,2.17143623489898,
5.440438306,0.440785555330498,0.009259627739163445,2.3807097789348095,
5.445443152,0.45988867146776746,-0.1688056099577171,2.4408692452669882,
5.450447998,0.39089525113905776,-0.23464327718126166,1.8837424543190604,
5.455422383,0.3127162009112463,-0.2719904872998189,1.6525612852325935,
5.460427229,0.2271886467641533,-0.30186830307838053,1.2224503343384185,
5.465432075,0.21239676473187918,-0.39472354527947695,0.9932831434472966,
5.470436921,0.19290172575034714,-0.4307005252570899,0.9018866465937752,
5.475441844,0.07004546736175232,-0.29859174459226856,0.6908635653218944,
5.48044669,0.10966643980737056,-0.20822761987883198,0.7059196120231395,
5.485420998,-0.01186563736919144,-0.0669833066879777,0.2582781700872605,
5.490425844,-0.08610688977816561,-0.061248083338663384,0.17597678411668483,
5.495430767,-0.13017711109621422,-0.01835269087594782,-0.08140027436680697,
5.500435614,-0.3263235812719909,-0.16791105551753072,-0.172380351329382,
5.50544046,-0.40662632984608393,-0.18795896993663813,-0.1532271570400674,
5.510445306,-0.5244986661489008,-0.11972138823339867,-0.3064570002902567,
5.515419691,-0.565166397747612,-0.07279277278001728,-0.1455669063845484,
5.520424537,-0.5747162422396469,-0.07355711804243426,-0.13177640108420086,
5.525429383,-0.6130018995887223,-0.05118424452473719,0.04014696384943761,
5.530434306,-0.6589533223061707,0.028005605879386275,-0.006189618861855095,
5.535439152,-0.6344229088901636,-0.09251719240907033,0.49304177414879824,
5.540443998,0.005778530702657908,0.3167199530238851,-0.7088144139329149,
5.545418306,-0.7538602872962417,0.5751566440292155,-2.58967344887094,
5.550423229,-0.6260725438018371,0.5290783524853353,-2.194321766909253,
5.555428075,-0.5238423966900293,0.09382056238987957,-2.2687741402119723,
5.560432921,-0.5033498305905488,-0.3693074064037092,-2.397289362218407,
5.565437845,-0.3796954551401637,-0.42569049758361877,-1.3891915056438666,
5.570442691,-0.3114178974678439,-0.10304759840287447,-0.9811087587143117,
5.575447537,-0.21848847065371846,0.20103538910454366,0.5711886613635109,
5.580421845,-0.044546235354761876,0.26042710049872286,1.0162366651747927,
5.585426768,0.010331687329593775,0.18535736643413459,1.7936541575792866,
5.590431614,0.21512436628213205,-0.02026588564602727,2.001870500135695,
5.59543646,0.20274529266254648,-0.08516574577878466,1.7777094738390247,
5.600441306,0.36139381256021297,-0.09877837241801068,1.8971774972841118,
5.605446152,0.41169818303042444,-0.08668413592268975,1.425804741967914,
5.610420537,0.5898476943258746,-0.16128465996495844,1.4547627510938614,
5.615425383,0.6480913960841739,-0.14435062779038715,0.9416284992149322,
5.620430229,0.893883935920989,-0.21507927952646866,0.5464432107488975,
5.625435152,0.5925240455568597,0.09608715630817688,4.5260326708707055E-4,
5.630439999,0.42805056083208437,0.23776008969345308,-0.8270739830601581,
5.635444845,0.2505030974388609,0.23617674736816585,-0.9834403448953921,
5.640419152,0.13144944068912578,0.06635824703088522,-1.3000686211311567,
5.645424076,0.08217523858645692,-0.09248084336192508,-1.0553777728814886,
5.650428922,0.08872450483400929,-0.1505991260979263,-1.0434996060005037,
5.655433768,0.13227120314088908,-0.020880511663253165,-0.8654454367535287,
5.660438614,0.052186848911026706,0.12886305549788868,-0.7230028642954007,
5.665443537,-0.019542096303002354,0.16438199598827674,-0.7163081752253824,
5.670417845,0.06098077436598437,0.18513571039230592,-0.4581249703560868,
5.675422691,-0.012506955939036224,0.20940011990381058,-0.5580359259919003,
